{"cameraMode":{"drawMode":0,"name":"Shaded","section":"Shading Mode"},"sceneLighting":true,"audioPlay":false,"sceneViewState":{"m_AlwaysRefresh":false,"showFog":true,"showSkybox":true,"showFlares":true,"showImageEffects":true,"showParticleSystems":true,"showVisualEffectGraphs":true,"m_FxEnabled":true},"in2DMode":false,"pivot":{"x":2.6318717002868654,"y":0.7309625744819641,"z":-0.4405081272125244},"rotation":{"x":-0.030182741582393647,"y":-0.015682436525821687,"z":-0.0005002211546525359,"w":0.9994465112686157},"size":2.884636163711548,"orthographic":true}